{
    "date_time": "14-12-2020_193132",
    "iteration": 24.0,
    "current_index": 25,
    "best_particle_pos": [
        -0.019852380383649545,
        -0.0817076375897916,
        -2.109583683341595,
        -0.16161615308198546
    ],
    "best_score": 1716600000040004,
    "particles_number": 27,
    "number_of_tetrominos_per_game": 10000,
    "particles": [
        {
            "dir_v": [
                -0.16270027537995221,
                0.39808281658713196,
                0.8501718050082122,
                0.30375416622397416
            ],
            "pos_v": [
                -0.07295001640547986,
                -0.06451528795407639,
                -1.1847576864688325,
                -0.1570765195947147
            ],
            "best_pos": [
                -0.02110222534603798,
                -0.07863630878959271,
                -1.52363866938849,
                -0.2765500286690338
            ],
            "best_score": 1211300000029608,
            "curr_score": 649400000016021
        },
        {
            "dir_v": [
                0.7608332275780438,
                0.6082380769149524,
                -0.18784309637324498,
                0.12607225209731407
            ],
            "pos_v": [
                -0.02515884720020395,
                -0.05329742782268182,
                -2.01481856559458,
                -0.06886337666901686
            ],
            "best_pos": [
                -0.1280766723145863,
                -0.33649241806109276,
                -2.0201356303400577,
                -0.18666905919702173
            ],
            "best_score": 1164200000028630,
            "curr_score": 868700000021386
        },
        {
            "dir_v": [
                0.48684650248617184,
                0.14087231425039007,
                -0.8619608255014483,
                0.012609892766521776
            ],
            "pos_v": [
                -0.1067837560107473,
                -0.03950344828306711,
                -1.8983202391895628,
                0.047048516272433616
            ],
            "best_pos": [
                -0.24342151758403477,
                -0.14289516194629737,
                -1.685244886511596,
                -0.07538163210641136
            ],
            "best_score": 1227100000030003,
            "curr_score": 2700000000140
        },
        {
            "dir_v": [
                -0.46367264667934915,
                -0.6154790713228296,
                0.6319130323833222,
                0.08294039419407864
            ],
            "pos_v": [
                -0.0936690038485373,
                -0.1442651496401973,
                -2.042887367051819,
                -0.1254773662506215
            ],
            "best_pos": [
                -0.03838617938592437,
                -0.08692549108325176,
                -2.2984120210132164,
                -0.2502781914694875
            ],
            "best_score": 1267500000030003,
            "curr_score": 200000000129
        },
        {
            "dir_v": [
                0.1989825436386373,
                0.4047776346709997,
                -0.8727551795314052,
                0.1867067497396735
            ],
            "pos_v": [
                -0.2839131123388902,
                -0.379285529693858,
                -1.3799558295360987,
                -0.1805711579382651
            ],
            "best_pos": [
                -0.17138851615258094,
                -0.3494784680132902,
                -1.4656297727378171,
                -0.20443265746319522
            ],
            "best_score": 1222800000030003,
            "curr_score": 1139700000028202
        },
        {
            "dir_v": [
                -0.7012382180880672,
                0.2748027820850904,
                -0.5412270250250333,
                -0.3739273991479073
            ],
            "pos_v": [
                -0.19262789668006491,
                -0.15696503564366923,
                -2.238635911651461,
                -0.29308269822844946
            ],
            "best_pos": [
                -0.0036757903748484144,
                -0.12168758522214758,
                -2.3853126779459135,
                -0.34340735093956276
            ],
            "best_score": 1240900000030003,
            "curr_score": 500200000012090
        },
        {
            "dir_v": [
                -0.21408008619342336,
                0.4027342651634472,
                0.7023452112976273,
                0.5465217585110094
            ],
            "pos_v": [
                -0.1499663350114041,
                0.12072700737385433,
                -2.155080244788503,
                -0.05950005896754934
            ],
            "best_pos": [
                -0.02391797846298869,
                -0.13216986988320584,
                -2.440953224519325,
                -0.3223279745824472
            ],
            "best_score": 1247600000030003,
            "curr_score": 20800000000554
        },
        {
            "dir_v": [
                0.8744863251591538,
                -0.2645674384978516,
                0.1852133081620814,
                0.361902981579293
            ],
            "pos_v": [
                -0.15853955513956455,
                -0.05227297839761111,
                -2.0936649368655846,
                -0.10331511382897836
            ],
            "best_pos": [
                -0.10756886492126524,
                -0.12627157321201712,
                -1.9129992992301101,
                -0.18688099593958027
            ],
            "best_score": 1246500000030003,
            "curr_score": 33800000000887
        },
        {
            "dir_v": [
                0.013785014595250627,
                0.45776659663988134,
                -0.8147125149713896,
                0.3556729316694513
            ],
            "pos_v": [
                -0.14763768184996495,
                -0.011660956976467185,
                -2.051641101701396,
                -0.06834973636746183
            ],
            "best_pos": [
                -0.14857406420954405,
                -0.12306655421555646,
                -1.96643164925109,
                -0.23087138533371612
            ],
            "best_score": 1240200000030003,
            "curr_score": 188600000004789
        },
        {
            "dir_v": [
                0.06493033101611302,
                -0.04602502913814185,
                0.8679113987991169,
                0.4903014915758789
            ],
            "pos_v": [
                0.28080281263371987,
                -0.137915670962894,
                -2.1629056686828854,
                -0.05903267142448934
            ],
            "best_pos": [
                -0.20165318776296975,
                -0.08760993222935418,
                -2.47502374613599,
                -0.41778913431292425
            ],
            "best_score": 1239000000030003,
            "curr_score": 281500000006111
        },
        {
            "dir_v": [
                -0.14411389200998687,
                0.42341078355909706,
                0.6481185253437087,
                0.6163577464443045
            ],
            "pos_v": [
                -0.22808822926683714,
                -0.19850333816002685,
                -1.775993786875501,
                0.009477089612120349
            ],
            "best_pos": [
                -0.1824803284082893,
                -0.33250067019839236,
                -1.9811046546495508,
                -0.18558240535510862
            ],
            "best_score": 941700000023044,
            "curr_score": 941700000023044
        },
        {
            "dir_v": [
                -0.23343960688564133,
                -0.2734848137417652,
                0.9270086928673398,
                -0.10661561770254539
            ],