{
    "date_time": "16-8-2021_75928",
    "iteration": 129,
    "c1": 0.5,
    "c2": 0.5,
    "w": 0.5,
    "current_index": 13,
    "best_particle_pos": [
        -1.883404428695354,
        1.244971655208462,
        -0.31377821575331294,
        0.4951531484452534
    ],
    "best_score": 1219003021,
    "particles_number": 20,
    "number_of_tetrominos_per_game": 8000,
    "particles": [
        {
            "dir_v": [
                0.8067677846093205,
                0.1979044703785115,
                0.4157544040984715,
                -0.370280755364757
            ],
            "pos_v": [
                -1.354503802609746,
                1.7112436174664045,
                0.27141003789582696,
                -0.09390472898024885
            ],
            "best_pos": [
                -1.051977300998308,
                1.2136485320290564,
                -0.1038823855531883,
                0.35566831122205167
            ],
            "best_score": 922002276,
            "curr_score": 22
        },
        {
            "dir_v": [
                0.9006231249274727,
                -0.25018242698052834,
                -0.18979527498787918,
                -0.3004404993809622
            ],
            "pos_v": [
                -1.7480502170802314,
                0.7255048280129088,
                0.1852974085595419,
                0.2718614354265132
            ],
            "best_pos": [
                -1.883404428695354,
                1.244971655208462,
                -0.31377821575331294,
                0.4951531484452534
            ],
            "best_score": 1219003021,
            "curr_score": 2000032
        },
        {
            "dir_v": [
                -0.05032336575390584,
                -0.06478661609505088,
                -0.6900864250850035,
                0.7190625697027699
            ],
            "pos_v": [
                -2.493332574733645,
                1.8610478504391883,
                -0.7149833064292977,
                -0.046829485273539084
            ],
            "best_pos": [
                -2.1591743022494114,
                1.5267265371677596,
                -0.47696349535398186,
                0.2289295266177493
            ],
            "best_score": 583001472,
            "curr_score": 133000352
        },
        {
            "dir_v": [
                0.35486348338718354,
                -0.7116703721593245,
                -0.5274664000531799,
                -0.2989588372399476
            ],
            "pos_v": [
                -1.246907482243354,
                0.6647727149831648,
                -0.08145781541442951,
                -0.2660728454517638
            ],
            "best_pos": [
                -1.5232641415608008,
                0.8731785553433383,
                -0.2559602442640704,
                0.07849839382587215
            ],
            "best_score": 640001595,
            "curr_score": 17
        },
        {
            "dir_v": [
                -0.49805319022626465,
                0.2647666394390552,
                -0.733773278584851,
                0.3787062476120882
            ],
            "pos_v": [
                -2.120897011681801,
                0.7208274624500663,
                -0.8276769747189608,
                0.26938526419633535
            ],
            "best_pos": [
                -1.8051202342948192,
                0.7247358570075232,
                -0.31913301405879957,
                0.13659856832703882
            ],
            "best_score": 611001537,
            "curr_score": 149000414
        },
        {
            "dir_v": [
                0.11598617178324087,
                0.027406224725660983,
                0.010515849584503778,
                -0.9928169638502714
            ],
            "pos_v": [
                -1.5292182537478785,
                1.0300375425999002,
                -0.28979090460465334,
                0.36300985209138514
            ],
            "best_pos": [
                -2.0191642853689733,
                1.3180385878201224,
                -0.3232260792384094,
                0.6362757905719307
            ],
            "best_score": 735001830,
            "curr_score": 136000381
        },
        {
            "dir_v": [
                -0.005990653165200065,
                -0.9395420943003595,
                -0.08280198598993006,
                0.3322176940328014
            ],
            "pos_v": [
                -1.7817353152879296,
                1.1509739098805922,
                -0.9494926258901115,
                0.9485105164242182
            ],
            "best_pos": [
                -1.8687601601224522,
                1.7023830082121445,
                -0.34541776158861703,
                0.38159238395147066
            ],
            "best_score": 511001291,
            "curr_score": 54000179
        },
        {
            "dir_v": [
                -0.46428820506616436,
                0.6741917671502828,
                -0.07310074708267804,
                0.5697001005083047
            ],
            "pos_v": [
                -2.444128309340754,
                1.7372955460906812,
                -0.03771297714248169,
                0.4411697845434553
            ],
            "best_pos": [
                -2.208976355721142,
                1.624263399028373,
                -0.2592425730386786,
                0.679184737394287
            ],
            "best_score": 776001949,
            "curr_score": 78000216
        },
        {
            "dir_v": [
                0.4559942473852516,
                0.7735636655130472,
                -0.16484552187560297,
                0.40803732141452037
            ],
            "pos_v": [
                -2.074739450473505,
                2.3642576252773857,
                -0.04961392378342178,
                0.5116720699819741
            ],
            "best_pos": [
                -1.8485503903227067,
                1.7288319288816447,
                -0.26901803447767436,
                0.581565003434687
            ],
            "best_score": 710001761,
            "curr_score": 7000047
        },
        {
            "dir_v": [
                -0.8609815430681569,
                -0.11533174176083272,
                0.03650170811833042,
                0.4940414933412298
            ],
            "pos_v": [
                -2.298065974944868,
                1.4208953235736046,
                0.20654628457197685,
                1.1079429512689845
            ],
            "best_pos": [
                -2.4544462756586354,
                1.1159300769390474,
                -0.4037022443980459,
                0.7377244942023342
            ],
            "best_score": 781001955,
            "curr_score": 9000053
        },
        {
            "dir_v": [
                0.8244312897051667,
                -0.4905370425707965,
                -0.07556393054804891,
                0.2719863063117365
            ],
            "pos_v": [
                -1.9472953697444957,
                1.4324730458062025,
                -0.9964068934933471,
                0.80729580034537
            ],
            "best_pos": [
                -2.7250116778226885,
                1.769741129656068,
                -0.3472347582836035,
                0.2710272862460888
            ],
            "best_score": 1014002469,
            "curr_score": 76000231
        },
        {
            "dir_v": [
                0.8671863285604203,
                -0.364349256480774,
                0.1947695088894228,
                0.2780329643527527
            ],
            "pos_v": [
                -1.1888593980285536,
                0.609314027569996,
                -0.43911913800524643,
                -0.07243720218156337
            ],