{
    "date_time": "30-12-2020_165328",
    "iteration": 5.0,
    "current_index": 0,
    "best_particle_pos": [
        -0.022505164948472323,
        -0.439913364264234,
        -0.8436467030843342,
        -0.09184985864511447
    ],
    "best_score": 6465900000154141,
    "particles_number": 27,
    "number_of_tetrominos_per_game": 50000,
    "particles": [
        {
            "dir_v": [
                0.7766801168306483,
                -0.36045511769872324,
                -0.5108327209780906,
                0.07674656619582784
            ],
            "pos_v": [
                -0.1071042449243399,
                -0.6322548994631417,
                -1.1628820868213459,
                -0.13472384661261133
            ],
            "best_pos": [
                -0.6123313615217278,
                -0.3977803766430774,
                -0.8305875718844669,
                -0.1846471618972786
            ],
            "best_score": 45000000001267,
            "curr_score": 45000000001267
        },
        {
            "dir_v": [
                0.7766801168306483,
                -0.36045511769872324,
                -0.5108327209780906,
                0.07674656619582784
            ],
            "pos_v": [
                -0.1071042449243399,
                -0.6322548994631417,
                -1.1628820868213459,
                -0.13472384661261133
            ],
            "best_pos": [
                -0.6123313615217278,
                -0.3977803766430774,
                -0.8305875718844669,
                -0.1846471618972786
            ],
            "best_score": 45000000001267,
            "curr_score": 45000000001267
        },
        {
            "dir_v": [
                0.37098555719295373,
                0.836978168632416,
                -0.3436309711626017,
                0.2091769997987532
            ],
            "pos_v": [
                0.22906441558574914,
                0.12063061013289689,
                -1.0200114544269119,
                0.09775191663945448
            ],
            "best_pos": [
                -0.2695511606060814,
                -0.5547631149629242,
                -0.7589506726631503,
                -0.208743705430127
            ],
            "best_score": 80200000002156,
            "curr_score": 20700000000681
        },
        {
            "dir_v": [
                0.08427190662937996,
                0.7903543995777569,
                0.5520620584819893,
                -0.2519239020136069
            ],
            "pos_v": [
                -0.06535970344551939,
                -0.787246571909297,
                -0.6771409275117446,
                -0.05592293147295589
            ],
            "best_pos": [
                -0.47753203541884326,
                -0.6466870622567732,
                -0.42075201790625055,
                -0.07196587457513953
            ],
            "best_score": 30900000000933,
            "curr_score": 2800000000155
        },
        {
            "dir_v": [
                0.6999194103481186,
                0.5243574728199504,
                -0.09353544368983632,
                0.4758289403657185
            ],
            "pos_v": [
                -0.3253158440621328,
                -0.5886860592229447,
                -1.163136377490967,
                0.036818181309996145
            ],
            "best_pos": [
                -0.749522835577967,
                -0.9064885129556737,
                -1.1064464377905816,
                -0.25157211089280856
            ],
            "best_score": 38100000001100,
            "curr_score": 38100000001100
        },
        {
            "dir_v": [
                0.8132740152764238,
                -0.005332781860743143,
                -0.5538682628005523,
                -0.17828876850796574
            ],
            "pos_v": [
                0.4238597418723474,
                -0.9621184990792643,
                -1.0659291757846963,
                -0.1293109975188286
            ],
            "best_pos": [
                0.11822923205335462,
                -0.9601144256572228,
                -0.8577840286970244,
                -0.06230961029810304
            ],
            "best_score": 94600000002118,
            "curr_score": 94600000002118
        },
        {
            "dir_v": [
                0.512000569373676,
                -0.39120900231317013,
                -0.6735245385864165,
                0.3621817629203885
            ],
            "pos_v": [
                -0.20283565225026118,
                -0.7070842748814001,
                -1.0640217471522653,
                -0.25032918041412
            ],
            "best_pos": [
                -0.4947366650453804,
                -0.4840487729297618,
                -0.6800329262096603,
                -0.45681571526643594
            ],
            "best_score": 6600000000334,
            "curr_score": 6600000000334
        },
        {
            "dir_v": [
                0.6345464789286317,
                0.5260934274609965,
                -0.5464102172788321,
                -0.14836558264946856
            ],
            "pos_v": [
                0.031894862309741645,
                -0.6392533030044697,
                -0.8927804987362917,
                -0.42712448714123835
            ],
            "best_pos": [
                -0.22359278678238642,
                -0.8510744657532859,
                -0.672779180490558,
                -0.36738800577064384
            ],
            "best_score": 15400000000552,
            "curr_score": 15400000000552
        },
        {
            "dir_v": [
                0.15247632762149804,
                -0.8953729819535782,
                -0.3362797201569894,
                -0.24894606346306394
            ],
            "pos_v": [
                0.056535201041402916,
                -0.9040549742768733,
                -1.0179666947237036,
                -0.22089800844515595
            ],
            "best_pos": [
                -0.022505164948472323,
                -0.439913364264234,
                -0.8436467030843342,
                -0.09184985864511447
            ],
            "best_score": 6465900000154141,
            "curr_score": 1808800000043961
        },
        {
            "dir_v": [
                0.8246075880693929,
                -0.43009503781656966,
                0.063832859730351,
                0.36189218030041426
            ],
            "pos_v": [
                -0.5119158562474281,
                -0.1850335961520488,
                -0.8820041281676781,
                -0.30683006462639545
            ],
            "best_pos": [
                -0.2877702231519492,
                -0.17667822429688199,
                -0.7109579947846977,
                -0.14513822148557215
            ],
            "best_score": 50300000001406,
            "curr_score": 14500000000530
        },
        {
            "dir_v": [
                0.680561630563698,
                -0.45345543711848585,
                -0.39356830262396514,
                0.4199023990427474
            ],
            "pos_v": [
                0.1036552678167463,
                -0.9930364593401408,
                -1.3321916283989645,
                -0.03505378462551262
            ],
            "best_pos": [
                -0.15853337213807436,
                -0.8183412385123972,
                -1.1805681260442478,
                -0.19682258553131093
            ],
            "best_score": 886100000021801,
            "curr_score": 886100000021801
        },
        {
            "dir_v": [
                0.05942486303234847,
                0.2429596939743889,
                -0.9467997638908988,
                -0.20250797479012078
            ],