{
    "date_time": "2-9-2021_193556",
    "iteration": 0,
    "c1": 0.5,
    "c2": 0.5,
    "w": 0.5,
    "current_index": 7,
    "best_particle_pos": [
        -0.4710720414498075,
        -0.42720461814352456,
        -0.6810101973760242,
        -0.36305985329009416
    ],
    "best_score": 1000017,
    "particles_number": 20,
    "number_of_tetrominos_per_game": 8000,
    "particles": [
        {
            "dir_v": [
                0.0395730919736167,
                0.9519927407110768,
                0.2270343651445682,
                0.20149240449322925
            ],
            "pos_v": [
                0.3697016108158942,
                1.0562313663448701,
                0.7977032832450611,
                -0.16762842288033092
            ],
            "best_pos": [
                0.349937324693321,
                0.5807704919059817,
                0.6843138075031708,
                -0.2682612856494181
            ],
            "best_score": 9,
            "curr_score": 9
        },
        {
            "dir_v": [
                0.5573449451979096,
                -0.4984644169479057,
                0.13881941681670776,
                -0.6493296594287009
            ],
            "pos_v": [
                0.8314383946967439,
                -0.5861219295003387,
                0.39581138686276585,
                -1.0124770933600171
            ],
            "best_pos": [
                0.5531490967476126,
                -0.33723241531303755,
                0.3264971168034735,
                -0.6882586777865239
            ],
            "best_score": 11,
            "curr_score": 11
        },
        {
            "dir_v": [
                0.040164588250531486,
                -0.447635241809296,
                0.8223287219703084,
                0.34897703243004063
            ],
            "pos_v": [
                -0.3877615878601077,
                0.3890028136799829,
                0.7882117339379356,
                -0.40793057807837013
            ],
            "best_pos": [
                -0.39633138916061944,
                0.48451344243294714,
                0.6127538478261308,
                -0.482390791829674
            ],
            "best_score": 8,
            "curr_score": 8
        },
        {
            "dir_v": [
                -0.40021284479721303,
                -0.3824972736615965,
                -0.505791373534605,
                -0.6615894504590784
            ],
            "pos_v": [
                0.5718427722662358,
                -0.669507210217813,
                -0.49522294529824085,
                -0.6717510079137201
            ],
            "best_pos": [
                0.7715990084256448,
                -0.47859325850146867,
                -0.2427698259827811,
                -0.34153517345333273
            ],
            "best_score": 14,
            "curr_score": 14
        },
        {
            "dir_v": [
                0.44120314152752976,
                -0.4539745456537136,
                -0.5444348651807908,
                -0.5503068029566024
            ],
            "pos_v": [
                0.8811865839410912,
                -0.8081120323404324,
                -0.03475957820133124,
                -0.7412374386882737
            ],
            "best_pos": [
                0.6447505710894526,
                -0.5648319615347698,
                0.256997203799582,
                -0.4463339484599006
            ],
            "best_score": 12,
            "curr_score": 12
        },
        {
            "dir_v": [
                0.6472381245192147,
                -0.4233866876801252,
                0.44860107504846075,
                0.44786560297645855
            ],
            "pos_v": [
                -0.14814066969750184,
                -0.638448113627927,
                -0.4571862984940328,
                -0.1396029090050274
            ],
            "best_pos": [
                -0.4710720414498075,
                -0.42720461814352456,
                -0.6810101973760242,
                -0.36305985329009416
            ],
            "best_score": 1000017,
            "curr_score": 1000017
        },
        {
            "dir_v": [
                -0.061637467110685434,
                0.046533412809823094,
                -0.8916462360704765,
                0.44609691081849223
            ],
            "pos_v": [
                -0.3174459777170182,
                -0.7271766275127131,
                0.31316376944678753,
                0.4375061887194881
            ],
            "best_pos": [
                -0.304951277558614,
                -0.7366095433618004,
                0.49391182560983676,
                0.34707665935128423
            ],
            "best_score": 20,
            "curr_score": 20
        },
        {
            "dir_v": [
                -0.42273679805019665,
                -0.07584064765937254,
                0.5482202660739821,
                -0.7176324516092109
            ],
            "pos_v": [
                -0.4405049815591394,
                0.5117084677021209,
                -0.5501602486668882,
                -0.4913588363816382
            ],
            "best_pos": [
                -0.4405049815591394,
                0.5117084677021209,
                -0.5501602486668882,
                -0.4913588363816382
            ],
            "best_score": -99999999,
            "curr_score": 0
        },
        {
            "dir_v": [
                0.6105315077690734,
                -0.29219335608897573,
                -0.5180145373207217,
                0.5230059844811353
            ],
            "pos_v": [
                -0.3410431814602367,
                0.4271123880101957,
                -0.3925469820391959,
                0.7397103644532956
            ],
            "best_pos": [
                -0.3410431814602367,
                0.4271123880101957,
                -0.3925469820391959,
                0.7397103644532956
            ],
            "best_score": -99999999,
            "curr_score": 0
        },
        {
            "dir_v": [
                0.051328981509082675,
                0.7150787342760504,
                0.6945093299910173,
                0.06070032947876063
            ],
            "pos_v": [
                -0.2274434038840058,
                0.533355731918776,
                -0.5600556977430746,
                0.5917252543913952
            ],
            "best_pos": [
                -0.2274434038840058,
                0.533355731918776,
                -0.5600556977430746,
                0.5917252543913952
            ],
            "best_score": -99999999,
            "curr_score": 0
        },
        {
            "dir_v": [
                0.5776728698239668,
                0.3745098680487914,
                0.5805137561932076,
                -0.4347875263549683
            ],
            "pos_v": [
                -0.7025744591592454,
                -0.26446265523718987,
                0.5469133784650902,
                0.37058654829592774
            ],
            "best_pos": [
                -0.7025744591592454,
                -0.26446265523718987,
                0.5469133784650902,
                0.37058654829592774
            ],
            "best_score": -99999999,
            "curr_score": 0
        },
        {
            "dir_v": [
                -0.5080097771246002,
                0.26211986516868674,
                0.40625504426036013,
                0.7128647007972667
            ],
            "pos_v": [
                -0.03680834508601085,
                0.6502725842814083,
                0.18140685183212013,
                0.7368054464866334
            ],
            "best_pos": [
                -0.03680834508601085,
                0.6502725842814083,
                0.18140685183212013,
                0.7368054464866334
            ],