{
    "date_time": "16-8-2021_75930",
    "iteration": 601,
    "c1": 0.5,
    "c2": 0.5,
    "w": 0.5,
    "current_index": 6,
    "best_particle_pos": [
        1.3931230982322111,
        -1.265308881314598,
        0.4487275297559618,
        -0.023400127164580266,
        0.981636960612679
    ],
    "best_score": 280000732,
    "particles_number": 20,
    "number_of_tetrominos_per_game": 8000,
    "particles": [
        {
            "dir_v": [
                -0.34965442519771367,
                0.4203430531315495,
                -0.19181150766539556,
                0.3914288462942823,
                0.7148743277245022
            ],
            "pos_v": [
                1.0614128293516036,
                -0.5091848071272554,
                0.43080416541210353,
                -0.02181859601628347,
                0.5636818008197931
            ],
            "best_pos": [
                0.3031519412033398,
                -0.7053214977246463,
                -0.00013287739433338885,
                -0.008390560162706173,
                0.45679401798231345
            ],
            "best_score": 221000585,
            "curr_score": 18000085
        },
        {
            "dir_v": [
                -0.0005333326856593283,
                -0.21026563976706356,
                -0.354975117506461,
                -0.53194668279551,
                0.7394683691029124
            ],
            "pos_v": [
                0.2799068388143893,
                -1.1831460332530364,
                -0.3717791950258117,
                -0.3254157454032538,
                1.0439963924926716
            ],
            "best_pos": [
                0.16956853101733627,
                -1.034496732605622,
                -0.2261230796389338,
                -0.017173287826390077,
                0.5774650913476715
            ],
            "best_score": 165000455,
            "curr_score": 31000119
        },
        {
            "dir_v": [
                -0.051005530477553504,
                0.32843827596328573,
                -0.7027267616252012,
                -0.49194252961729024,
                -0.39203874909563124
            ],
            "pos_v": [
                0.7540575004396375,
                -0.9467594548074775,
                0.1128036063377636,
                0.00971413184873321,
                0.8300980919931308
            ],
            "best_pos": [
                1.2875079197959955,
                -0.6857130887674042,
                0.5386841844068531,
                -0.013713234942926894,
                0.6878469051997519
            ],
            "best_score": 152000413,
            "curr_score": 3000041
        },
        {
            "dir_v": [
                0.5349666103468445,
                -0.31969802609607595,
                0.6080111234514041,
                0.4052720984230728,
                0.2787129310301209
            ],
            "pos_v": [
                1.290027668014944,
                -1.4187726358271724,
                0.5638118941225938,
                0.3304113467712853,
                1.253582774605182
            ],
            "best_pos": [
                1.7778604923284003,
                -0.8013226240512414,
                0.9094954919405625,
                -0.006937730809190801,
                0.6429663802691019
            ],
            "best_score": 172000468,
            "curr_score": 8000061
        },
        {
            "dir_v": [
                -0.0015096162187780936,
                -0.49748951757267945,
                0.8135020397387632,
                -0.21297586507575403,
                0.2129732687458228
            ],
            "pos_v": [
                0.37942074954012445,
                -1.7468687090578325,
                -0.05525559915841405,
                -0.05702575871261227,
                0.890561451844916
            ],
            "best_pos": [
                0.671010621491236,
                -1.3573620133931121,
                -0.014131309570530215,
                -0.008200235035256104,
                0.8164465651813289
            ],
            "best_score": 222000591,
            "curr_score": 29000114
        },
        {
            "dir_v": [
                0.1612057548137185,
                0.5069841938495419,
                -0.31176962381926954,
                -0.38814988402475686,
                -0.6849226970956858
            ],
            "pos_v": [
                1.2547781627685515,
                -0.8882124323555728,
                0.506489911921789,
                -0.04800884467390282,
                0.7721802604591056
            ],
            "best_pos": [
                0.8195427645760323,
                -1.0050095801184165,
                -0.07295926196529859,
                -0.001842355135417112,
                0.6991319699744876
            ],
            "best_score": 177000474,
            "curr_score": 3000036
        },
        {
            "dir_v": [
                -0.11286194886928612,
                0.863650644698313,
                0.4257281879919441,
                -0.14176859238335685,
                -0.20006729011098318
            ],
            "pos_v": [
                0.9771259470323458,
                -0.8027658148362546,
                -0.06978709380255452,
                0.2598945009204773,
                0.42258552538785343
            ],
            "best_pos": [
                0.5239136714411059,
                -1.2103771076660268,
                -0.46791511158111265,
                -0.028018539187236347,
                0.6768447077824372
            ],
            "best_score": 168000461,
            "curr_score": 25
        },
        {
            "dir_v": [
                -0.22379656164350342,
                -0.1531843784278736,
                0.135119114827388,
                -0.9476780459796357,
                -0.100492741920471
            ],
            "pos_v": [
                0.7797357097985375,
                -1.219484754085749,
                0.6815260685359246,
                0.021952975355340798,
                0.11641870160154327
            ],
            "best_pos": [
                0.843953175615018,
                -1.1922030903793845,
                0.6513564247481165,
                -0.027323098040604288,
                0.22156200601022868
            ],
            "best_score": 213000574,
            "curr_score": 19
        },
        {
            "dir_v": [
                -0.25659913374723897,
                0.887427569638237,
                0.08328186021338753,
                0.11805243536303037,
                -0.35462226025786064
            ],
            "pos_v": [
                1.525394612361452,
                -1.0894374655997032,
                0.34765026029925156,
                -0.56581042471606,
                0.7934642513729755
            ],
            "best_pos": [
                0.9869114589926232,
                -1.4033699023584667,
                0.2045194484406337,
                -0.02716247484863271,
                0.8439812284659299
            ],
            "best_score": 138000387,
            "curr_score": 25000104
        },
        {
            "dir_v": [
                0.2119351780444031,
                0.8202857008928375,
                0.3196830317849751,
                0.2834740642106417,
                -0.3156898213859626
            ],
            "pos_v": [
                0.7535854271131339,
                -0.9201314619924443,
                0.1789161771371146,
                0.4443009966047344,
                0.6035957582268661
            ],
            "best_pos": [
                0.5172585223751147,
                -0.8325866506147723,
                0.04015178299716515,
                -0.019491764997823124,
                0.5892745646342885
            ],
            "best_score": 233000620,