{
    "date_time": "16-8-2021_74727",
    "iteration": 588,
    "c1": 0.5,
    "c2": 0.5,
    "w": 0.5,
    "current_index": 11,
    "best_particle_pos": [
        0.20521777363601224,
        0.6167080932948454,
        -0.07730733683651789,
        -1.3517494079012942,
        -0.23503840196612721,
        0.841983223694763
    ],
    "best_score": 67000208,
    "particles_number": 20,
    "number_of_tetrominos_per_game": 8000,
    "particles": [
        {
            "dir_v": [
                0.08118324813849229,
                0.8093552621632119,
                0.39666156388011414,
                0.20360834191013935,
                0.3309785745986963,
                -0.17323328153621018
            ],
            "pos_v": [
                0.1156534505556048,
                0.4972646050928729,
                -0.12550482582728587,
                -1.2926486124782235,
                -0.08671651674913167,
                0.703612450150658
            ],
            "best_pos": [
                0.34617657753767406,
                0.7414970125433399,
                -0.35966630038374536,
                -1.590658524345771,
                -0.9566018584636855,
                1.5686815119506043
            ],
            "best_score": 62000198,
            "curr_score": 31000119
        },
        {
            "dir_v": [
                0.22912686051858547,
                0.1780534972441936,
                0.1492975818686715,
                -0.6809912830270206,
                0.6537478740826481,
                -0.04870991202831638
            ],
            "pos_v": [
                -0.1306340256612902,
                0.9157963923778001,
                -0.13189489900051365,
                -1.2096124002889737,
                0.0017587497886232262,
                0.7309183190146343
            ],
            "best_pos": [
                0.23109196071724392,
                0.28643572396128775,
                -0.16320195399251683,
                -0.893111728627459,
                -0.9088284196486106,
                0.9506300338956697
            ],
            "best_score": 59000190,
            "curr_score": 26000108
        },
        {
            "dir_v": [
                -0.12839704360807686,
                -0.5308497687809337,
                -0.028371460901258222,
                -0.6183512838679059,
                0.1930086511389512,
                -0.5303745211722545
            ],
            "pos_v": [
                -0.05160219718783734,
                0.026400166351531973,
                -0.060801931587712736,
                -1.0561204230896943,
                -0.05519369356719833,
                0.3581653583857105
            ],
            "best_pos": [
                0.20521777363601224,
                0.6167080932948454,
                -0.07730733683651789,
                -1.3517494079012942,
                -0.23503840196612721,
                0.841983223694763
            ],
            "best_score": 67000208,
            "curr_score": 21000096
        },
        {
            "dir_v": [
                0.5897881934748238,
                0.12498668711026334,
                -0.4639106320837337,
                0.30003828239083385,
                0.31942936879493716,
                -0.47880794456003123
            ],
            "pos_v": [
                0.33842588988883804,
                0.9428838012950501,
                -0.28584713315574684,
                -1.3842637940631253,
                -0.15284550914767525,
                0.6903582574914309
            ],
            "best_pos": [
                0.43714857754635383,
                0.3423096241775285,
                -0.10909894959849362,
                -1.0328907286548321,
                -0.07912132904624157,
                0.7138014940077579
            ],
            "best_score": 61000195,
            "curr_score": 33000124
        },
        {
            "dir_v": [
                -0.32779440095177387,
                0.20117399739811598,
                0.6262281248082653,
                -0.6565314289146087,
                0.07417282132909746,
                0.152915220295686
            ],
            "pos_v": [
                0.38674581486017895,
                0.13470400190093446,
                0.2374814735476392,
                -1.4940779670370024,
                -0.6295705363067584,
                1.005731831891201
            ],
            "best_pos": [
                0.3893258632263453,
                0.3362913207074792,
                -0.1301458260725431,
                -1.2115592632790588,
                -0.43638043921032454,
                0.868331932565745
            ],
            "best_score": 59000188,
            "curr_score": 46000153
        },
        {
            "dir_v": [
                -0.26820004050594454,
                0.4901917933864847,
                -0.10167656967144678,
                -0.6597481717314363,
                -0.39634461164048085,
                0.291694905457025
            ],
            "pos_v": [
                0.10030378159398678,
                0.8408672462783331,
                -0.09619728264530827,
                -1.564053609692893,
                -0.2529185971546381,
                0.8729055183799231
            ],
            "best_pos": [
                0.36015419517090363,
                0.14785600621008535,
                -0.13822191907936288,
                -1.2328842922266643,
                -0.7919318160447946,
                1.1500631256917184
            ],
            "best_score": 64000202,
            "curr_score": 50000166
        },
        {
            "dir_v": [
                -0.41308679448171337,
                -0.7926297734254727,
                0.041310873917573675,
                0.3600213498579373,
                -0.26314182711564177,
                -0.023059936452277052
            ],
            "pos_v": [
                0.3615897911883607,
                0.31925374483107904,
                -0.05823950239822981,
                -1.4967712787633412,
                -0.3288774718354846,
                0.7809693853864833
            ],
            "best_pos": [
                0.34597715282945984,
                1.429162842752083,
                -0.1228873985055628,
                -1.4664954645878119,
                0.030226700711140003,
                0.9131484107015241
            ],
            "best_score": 67000208,
            "curr_score": 28000111
        },
        {
            "dir_v": [
                -0.03753919012070885,
                -0.7415624340570193,
                0.36013473143187413,
                -0.13436301463521758,
                -0.3647244774151376,
                -0.4097579489032438
            ],
            "pos_v": [
                0.2519061728527931,
                0.6302199488349751,
                -0.304146633204173,
                -1.2658377976582487,
                -0.05525073174562617,
                1.0132785247474994
            ],
            "best_pos": [
                0.2659026102958233,
                1.3833796163603362,
                -0.26238232647890486,
                -1.6291149128101847,
                -0.223512299089449,
                1.251753826058479
            ],
            "best_score": 62000197,
            "curr_score": 23000098
        },
        {
            "dir_v": [
                -0.23109491844856306,
                -0.7622682451992874,
                0.544512180200914,
                -0.00502787298283206,
                0.21605111255888543,
                -0.14948372451954367
            ],
            "pos_v": [
                -0.004143670480102474,
                0.4737191698359421,
                -0.12541580708517927,
                -1.941475018800823,
                0.004608246085760881,
                0.5869314268393305
            ],