{
    "date_time": "2-9-2021_193540",
    "iteration": 0,
    "c1": 0.5,
    "c2": 0.5,
    "w": 0.5,
    "current_index": 4,
    "best_particle_pos": [
        -0.4528932820783722,
        -0.4107187109525658,
        -0.6547298847735377,
        -0.34904930473349416,
        0.11765307984423304,
        -0.2486944494241955
    ],
    "best_score": 22,
    "particles_number": 20,
    "number_of_tetrominos_per_game": 8000,
    "particles": [
        {
            "dir_v": [
                0.22464804037440925,
                0.19937454750917796,
                0.3337791369641172,
                0.5539536936578296,
                0.6527159464375847,
                -0.2558744497558773
            ],
            "pos_v": [
                0.6147786301047055,
                -0.34988582466419943,
                0.29189838792770834,
                -0.3088111656262252,
                0.6951680050753988,
                -0.35285667009332544
            ],
            "best_pos": [
                0.502566933937688,
                -0.4494734111450338,
                0.1251757090141318,
                -0.5855110356083111,
                0.3691363898298252,
                -0.2250473824402647
            ],
            "best_score": 8,
            "curr_score": 8
        },
        {
            "dir_v": [
                0.4566079571779191,
                -0.573253987338187,
                -0.4296853270897969,
                0.08641001903613227,
                0.4996136658949357,
                0.14553024629818484
            ],
            "pos_v": [
                0.16497131479523014,
                -0.21884247393296558,
                0.05998411480376914,
                -0.33443773674037125,
                0.2510243498523337,
                -0.13865565995872886
            ],
            "best_pos": [
                -0.35573367828218266,
                0.4348829130563368,
                0.5499871726799105,
                -0.4329776935166747,
                -0.31872334365935506,
                -0.304614935744462
            ],
            "best_score": 8,
            "curr_score": 8
        },
        {
            "dir_v": [
                -0.2476037485838418,
                -0.549599620547992,
                0.6690425602377235,
                -0.35849963098977444,
                -0.24357092220594337,
                -0.03414548004094647
            ],
            "pos_v": [
                0.1428417562936967,
                -0.6880522286223358,
                0.13517946923307717,
                -0.649755415145718,
                0.39996948812996735,
                -0.49869539484438064
            ],
            "best_pos": [
                0.2911920955728211,
                -0.35876282713993285,
                -0.2656734716901176,
                -0.43496245585913706,
                0.545903583047539,
                -0.4782373299810866
            ],
            "best_score": 7,
            "curr_score": 7
        },
        {
            "dir_v": [
                0.3201878295413278,
                -0.5560788058979608,
                0.49641776638541807,
                -0.3247285131289401,
                0.3440674077088347,
                0.3435033163962387
            ],
            "pos_v": [
                -0.2932396255733276,
                -0.6879935055434365,
                -0.40720357600960855,
                -0.5109670595924118,
                0.2892136910130507,
                -0.07741510828612097
            ],
            "best_pos": [
                -0.4528932820783722,
                -0.4107187109525658,
                -0.6547298847735377,
                -0.34904930473349416,
                0.11765307984423304,
                -0.2486944494241955
            ],
            "best_score": 22,
            "curr_score": 22
        },
        {
            "dir_v": [
                0.44354256057227104,
                0.5661147423560074,
                -0.2118882794046514,
                -0.5118159529794994,
                0.3431831069668604,
                0.24115811797942935
            ],
            "pos_v": [
                -0.29563840288773197,
                -0.05303869464736245,
                0.3833945013548464,
                -0.501871880642296,
                -0.46633320903847186,
                0.5417115851700142
            ],
            "best_pos": [
                -0.29563840288773197,
                -0.05303869464736245,
                0.3833945013548464,
                -0.501871880642296,
                -0.46633320903847186,
                0.5417115851700142
            ],
            "best_score": -99999999,
            "curr_score": 0
        },
        {
            "dir_v": [
                -0.5408499577408903,
                -0.48304363417126767,
                0.42040322329141067,
                -0.20120014636591502,
                -0.3566973668520496,
                0.36013440564271654
            ],
            "pos_v": [
                -0.2769892069712982,
                0.34689308590195383,
                -0.3188196778732274,
                0.600779603219416,
                0.04176977101983172,
                0.5819066366352204
            ],
            "best_pos": [
                -0.2769892069712982,
                0.34689308590195383,
                -0.3188196778732274,
                0.600779603219416,
                0.04176977101983172,
                0.5819066366352204
            ],
            "best_score": -99999999,
            "curr_score": 0
        },
        {
            "dir_v": [
                0.6074393464689548,
                0.053090386085245946,
                -0.18026935932991678,
                0.42273240043914884,
                -0.4438945253945582,
                0.4689954981630049
            ],
            "pos_v": [
                0.47349475906604677,
                0.3069703789164556,
                0.47582331710850345,
                -0.3563775032382989,
                -0.5361272233277502,
                -0.20180868686269965
            ],
            "best_pos": [
                0.47349475906604677,
                0.3069703789164556,
                0.47582331710850345,
                -0.3563775032382989,
                -0.5361272233277502,
                -0.20180868686269965
            ],
            "best_score": -99999999,
            "curr_score": 0
        },
        {
            "dir_v": [
                0.4528251961964911,
                0.30683273265474775,
                -0.42527519445651224,
                0.21943096698154077,
                0.34009225949284855,
                0.5967674007549342
            ],
            "pos_v": [
                -0.03434972550619255,
                0.6068375180159342,
                0.16928975075665895,
                0.6875904031855619,
                0.26023500707692937,
                0.2478033129589783
            ],
            "best_pos": [
                -0.03434972550619255,
                0.6068375180159342,
                0.16928975075665895,
                0.6875904031855619,
                0.26023500707692937,
                0.2478033129589783
            ],
            "best_score": -99999999,
            "curr_score": 0
        },
        {
            "dir_v": [
                0.264232565891244,
                0.469176874126601,
                -0.2638142528793733,
                0.38629108928258343,
                0.5778661502551279,
                -0.3966184042820152
            ],
            "pos_v": [
                -0.21147194517493192,
                -0.37567778964566767,
                -0.47987227013521583,
                -0.23538336488192368,
                -0.5868065785986902,
                0.42909338141750997
            ],