{
    "date_time": "14-8-2021_22578",
    "iteration": 8,
    "c1": 0.5,
    "c2": 0.5,
    "w": 0.5,
    "current_index": 1,
    "best_particle_pos": [
        1.2457094532752466,
        0.43927771932864235,
        0.810229312050856,
        -0.7152777644296866,
        -0.8018621629050071,
        -1.5514413013345165,
        1.749495201179467
    ],
    "best_score": 3468008001,
    "particles_number": 20,
    "number_of_tetrominos_per_game": 8000,
    "particles": [
        {
            "dir_v": [
                0.21244712009931657,
                -0.2470347917489932,
                0.184951544992841,
                -0.23233917988896274,
                -0.33578510724811983,
                -0.7418256265514599,
                0.37761695653429833
            ],
            "pos_v": [
                1.262166948853085,
                0.4021004080873521,
                0.49230979336066366,
                -1.0180958026632516,
                -0.6190105128794837,
                -1.7776696085713195,
                2.123041353476531
            ],
            "best_pos": [
                1.1619628944976264,
                0.518618286458842,
                0.4050744631809712,
                -0.9085093427497799,
                -0.4606321403098087,
                -1.427775783837502,
                1.9449323255903612
            ],
            "best_score": 274000692,
            "curr_score": 274000692
        },
        {
            "dir_v": [
                0.26062215192139976,
                0.038445624648738796,
                0.1743216252689598,
                0.18759570544169843,
                -0.46573157554592926,
                -0.4837230255706605,
                0.6435246570325953
            ],
            "pos_v": [
                1.1410313709273299,
                0.615422385530257,
                0.7846984315591122,
                -0.06503499009213634,
                -1.1002987821451957,
                -1.1000266236166718,
                1.6356896023533436
            ],
            "best_pos": [
                1.0284426012972852,
                0.5988138756820018,
                0.7093914894429216,
                -0.14607633484295005,
                -0.8991027415093542,
                -0.8910582765701466,
                1.3576869505152624
            ],
            "best_score": 478001088,
            "curr_score": 478001088
        },
        {
            "dir_v": [
                0.4600372062661308,
                0.1813708299300708,
                0.39096329071739133,
                0.1297112783274522,
                -0.13760967844752547,
                -0.4259806124618255,
                0.6208036522859979
            ],
            "pos_v": [
                1.0470014301540576,
                1.347148744704412,
                0.47776270710943824,
                -0.49900789368372334,
                -1.0056875030827428,
                -1.0544217396658806,
                1.6062126517890196
            ],
            "best_pos": [
                0.8183759071059773,
                1.2570125550796996,
                0.2834649728927983,
                -0.5634707424466413,
                -0.9372993721163455,
                -0.8427213836818769,
                1.2976907370812392
            ],
            "best_score": 69000201,
            "curr_score": 69000201
        },
        {
            "dir_v": [
                0.4206662447656162,
                0.2883084451788217,
                0.4811601360746096,
                0.24335774272770613,
                -0.35946648003352805,
                -0.5171377636498595,
                0.22919962172750413
            ],
            "pos_v": [
                0.9393171482976012,
                0.5425735925071759,
                1.0269559726942616,
                0.09626424309972555,
                -0.48158721678122923,
                -0.8608581516959551,
                0.7185207809871598
            ],
            "best_pos": [
                0.5979066935844445,
                0.30754500088233716,
                0.5464460094297392,
                -0.16429835606711532,
                -0.26308240496831103,
                -0.4241246873666917,
                0.6592151449219441
            ],
            "best_score": 228000510,
            "curr_score": 6000055
        },
        {
            "dir_v": [
                -0.009799245412310056,
                0.23874441917869796,
                -0.12703620556549536,
                0.6407041486282752,
                -0.4655243833631552,
                -0.06452791254499872,
                0.543496338997194
            ],
            "pos_v": [
                1.4008234025849953,
                0.9125551059991737,
                0.7105189035376871,
                -0.16375381467070463,
                -0.7543328209104762,
                -1.0239318316001287,
                1.5106978250970933
            ],
            "best_pos": [
                1.3393672448494691,
                0.6724868396421655,
                0.8071505463400169,
                -0.6488936999954403,
                -0.42625762329905154,
                -0.9501475331988051,
                1.068066210188884
            ],
            "best_score": 206000486,
            "curr_score": 178000424
        },
        {
            "dir_v": [
                -0.4195955481649199,
                -0.6323981333618179,
                0.030160760686243158,
                0.36650909339718213,
                -0.49730319063433387,
                0.17802778849101297,
                0.09883943020162572
            ],
            "pos_v": [
                0.6176957822268265,
                0.028348449001312698,
                0.44437666536990983,
                0.05910304422233578,
                -0.3136918586896609,
                -0.45419801121474984,
                1.3069005903638393
            ],
            "best_pos": [
                0.771844696733914,
                0.2606757132451106,
                0.43329635591280125,
                -0.075543233964454,
                -0.13099509903037249,
                -0.5196009700116357,
                1.270589454693517
            ],
            "best_score": 980002122,
            "curr_score": 980002122
        },
        {
            "dir_v": [
                0.22222165275922032,
                0.2005743348135359,
                0.0007520842380699237,
                -0.1260895028196627,
                -0.3350078268818779,
                -0.510596097064504,
                0.7221839976747163
            ],
            "pos_v": [
                1.3235738387460967,
                0.8990100358815895,
                0.7094780197896761,
                -1.0368600314872647,
                -1.1201157145045708,
                -1.5207506549596204,
                1.627785890926556
            ],
            "best_pos": [
                1.1680175704890374,
                0.7398220776441381,
                0.6722366139207266,
                -0.8618315175930954,
                -0.8645461076257988,
                -1.1990068270426657,
                1.3144290503570766
            ],
            "best_score": 236000589,
            "curr_score": 122000336
        },
        {
            "dir_v": [
                -0.152284960709174,
                -0.5798101086814037,
                0.28049693386866975,
                0.3004901684115779,
                0.23590663903452927,
                0.13390792533733603,
                0.6309305687492116
            ],
            "pos_v": [
                1.3799337715256508,
                0.7242932172821689,
                0.8133163468257589,
                -0.7143328048912919,
                -0.5011926317050138,
                -0.8562542184383949,
                1.298000154696416
            ],