{
    "date_time": "28-8-2021_2191",
    "iteration": 1,
    "c1": 0.5,
    "c2": 0.5,
    "w": 0.4,
    "current_index": 5,
    "best_particle_pos": [
        0.4369669522114808,
        0.2832891142425859,
        0.4391158733798309,
        -0.3288847203587629,
        -0.49476762791888296,
        -0.1862401328414586,
        0.3851478393679295
    ],
    "best_score": 17000084,
    "particles_number": 10,
    "number_of_tetrominos_per_game": 2000,
    "particles": [
        {
            "dir_v": [
                0.24232717223150727,
                0.5974412926590315,
                0.16328932573408791,
                0.047388355120826155,
                -0.49683691797409657,
                0.2907466157453449,
                0.4733411726176649
            ],
            "pos_v": [
                0.3247473702412091,
                -0.08575940654206016,
                0.6091970828828226,
                0.008535032436356976,
                -0.17515825223632212,
                -0.04562671823827996,
                -0.4335355516794784
            ],
            "best_pos": [
                0.11763411600490095,
                -0.5502351344949997,
                0.3468966402896086,
                -0.21148871535122435,
                0.2047562827984636,
                -0.4316279722377472,
                -0.5386194519235004
            ],
            "best_score": 8,
            "curr_score": 7
        },
        {
            "dir_v": [
                0.45908679744207587,
                0.3663243301014242,
                0.5073458546704747,
                0.107578695779607,
                -0.542273819902517,
                0.08736463527449784,
                0.29048120473595507
            ],
            "pos_v": [
                0.13377692739426664,
                0.1186403346519059,
                0.05731804879198027,
                -0.5922574276763641,
                0.21425823333766547,
                -0.018096503225372262,
                -0.08574905525328652
            ],
            "best_pos": [
                -0.3279138636120453,
                -0.31339863389692324,
                -0.4144194911120716,
                -0.5420724388167287,
                0.47065522543822486,
                -0.2919293771940219,
                -0.14808324781373175
            ],
            "best_score": 4000044,
            "curr_score": 26
        },
        {
            "dir_v": [
                -0.20444991138613783,
                0.5606767626115765,
                -0.416946506028731,
                -0.19701785337155364,
                -0.5091003269336508,
                -0.2474269908722509,
                0.33283347107653366
            ],
            "pos_v": [
                -0.10342503844442698,
                -0.06752726162009881,
                -0.18450135987838356,
                -0.5727282164223074,
                -0.033550561592795014,
                0.1984875032464536,
                -0.3705075937691691
            ],
            "best_pos": [
                -0.010916939574828921,
                -0.32121845198504895,
                0.00415574611659858,
                -0.48358292437887246,
                0.19680367558549544,
                0.3104415773736251,
                -0.5211058084649329
            ],
            "best_score": 14,
            "curr_score": 14
        },
        {
            "dir_v": [
                0.3184793634795791,
                0.5186306590867562,
                -0.3889475725009257,
                -0.6841189069189595,
                0.09469348815839855,
                0.03012352777981428,
                0.020492874591381657
            ],
            "pos_v": [
                -0.26592672081812196,
                -0.4920442824007181,
                -0.12011428026661153,
                -0.23252123078151613,
                -0.10007489244629812,
                0.06079571970364606,
                0.48215002687225866
            ],
            "best_pos": [
                -0.39844589857891555,
                -0.7078463606038864,
                0.04172670037571591,
                0.05214046297788641,
                -0.13947682748205764,
                0.048261327870464145,
                0.47362294724884346
            ],
            "best_score": 11000069,
            "curr_score": 11000069
        },
        {
            "dir_v": [
                0.4356564341686969,
                -0.19165678409161935,
                0.46040849110051163,
                -0.5390214718656368,
                -0.08288503483340669,
                -0.48980299152076173,
                0.15548029832555743
            ],
            "pos_v": [
                -0.22791524413124498,
                -0.06503167819703373,
                0.1831069582944701,
                -0.45358288759757603,
                -0.3321846782589713,
                0.15723623043534563,
                0.03572612141477151
            ],
            "best_pos": [
                -0.5398086375444769,
                0.07217847198717164,
                -0.14650682766880468,
                -0.06768881420103984,
                -0.27284595914492077,
                0.5078940083260033,
                -0.07558470530627254
            ],
            "best_score": 31,
            "curr_score": 31
        },
        {
            "dir_v": [
                0.5302610666495224,
                0.5150079850884138,
                0.045011856614602566,
                -0.1528385674411109,
                0.3584070789080525,
                -0.37634905681387726,
                0.39763052546483435
            ],
            "pos_v": [
                0.6401629929515779,
                0.4806401741284661,
                0.4563644168345466,
                -0.38745245940219664,
                -0.3574260352813172,
                -0.3304570914125364,
                0.5375198567260541
            ],
            "best_pos": [
                0.4369669522114808,
                0.2832891142425859,
                0.4391158733798309,
                -0.3288847203587629,
                -0.49476762791888296,
                -0.1862401328414586,
                0.3851478393679295
            ],
            "best_score": 17000084,
            "curr_score": 17000084
        },
        {
            "dir_v": [
                0.41493130655326854,
                -0.4009999074587842,
                0.31929171526927125,
                0.04068861639649534,
                0.0440024051512271,
                -0.4473333749408996,
                0.601153027207783
            ],
            "pos_v": [
                0.31799837768704026,
                0.18800728297073377,
                0.32033108732759297,
                0.1657248606118324,
                0.41407300903980737,
                0.45728284842900785,
                -0.0721881178756979
            ],
            "best_pos": [
                0.0985132310651999,
                0.4001231732250561,
                0.1514361694599817,
                0.14420190778909064,
                0.3907971698977665,
                0.6939076338744063,
                -0.3901784893781301
            ],
            "best_score": 11,
            "curr_score": 11
        },
        {
            "dir_v": [
                0.5733069232749358,
                0.24581836003608384,
                0.25988362613686594,
                -0.41770396978980306,
                -0.4673485798334422,
                -0.307288975388688,
                0.2367175333899558
            ],
            "pos_v": [
                0.05523313494484239,
                0.5479002814382004,
                -0.3279170438999,
                0.06368650481620103,
                -0.1725733963607019,
                -0.17035156020545905,
                -0.13626372855929572
            ],