{
    "date_time": "28-8-2021_23398",
    "iteration": 77,
    "c1": 0.5,
    "c2": 0.5,
    "w": 0.6,
    "current_index": 1,
    "best_particle_pos": [
        1.755017690070239,
        0.3524666820368868,
        0.9031106768045154,
        -0.6400958844331018,
        -0.4273960528653814,
        -2.0566641991963848,
        2.5051600074691245
    ],
    "best_score": 909002001,
    "particles_number": 20,
    "number_of_tetrominos_per_game": 2000,
    "particles": [
        {
            "dir_v": [
                -0.5950797684888492,
                0.5139213509114064,
                -0.37030356136705955,
                0.36288565498731273,
                0.09503856227254794,
                0.135636412121638,
                0.29244593251384127
            ],
            "pos_v": [
                1.7954994246941653,
                0.4408932063956089,
                0.9202388219881392,
                -0.5884833194998292,
                -0.45636052059527804,
                -2.1571582086398466,
                2.5373634934330407
            ],
            "best_pos": [
                1.891654082049133,
                0.4264350416217756,
                0.9571568550892899,
                -0.6191411405031462,
                -0.4646183177450841,
                -2.1589093586330663,
                2.5290910323158995
            ],
            "best_score": 899001971,
            "curr_score": 640001452
        },
        {
            "dir_v": [
                0.29290300510879413,
                0.6013337163940344,
                -0.3422534818173758,
                -0.4098077230086872,
                -0.46209693404889657,
                -0.19834862203278603,
                0.12103728001157325
            ],
            "pos_v": [
                1.895797687601073,
                0.3548615691882055,
                1.020211431772082,
                -0.4815624427210848,
                -0.5087336688465685,
                -2.1633982784858485,
                2.611212574368995
            ],
            "best_pos": [
                1.7807575345416924,
                0.29633409714335895,
                1.00401215189803,
                -0.6386747394517924,
                -0.24387707417454935,
                -2.081761694631554,
                2.3852930025585763
            ],
            "best_score": 787001763,
            "curr_score": 662001460
        },
        {
            "dir_v": [
                0.12580935289775305,
                -0.7680746887502892,
                0.1837995987666308,
                -0.24908538520482723,
                0.0790241885872108,
                -0.45595062373846273,
                0.29029582140606697
            ],
            "pos_v": [
                1.9441304889314077,
                0.10606300018327272,
                1.0338216034872028,
                -0.723037277441365,
                -0.4316564965477106,
                -2.3490911640896606,
                2.6501764777804677
            ],
            "best_pos": [
                1.9701637168362856,
                -0.05287163288201584,
                1.0718545216741708,
                -0.7745795230606853,
                -0.4153043362792886,
                -2.4434392086321806,
                2.710246234853731
            ],
            "best_score": 886002001,
            "curr_score": 712001593
        },
        {
            "dir_v": [
                0.2380933878741739,
                -0.1190614970124184,
                0.5098888791178662,
                0.4663660495272238,
                -0.15391507042891253,
                0.06716575540688967,
                -0.6507310118440198
            ],
            "pos_v": [
                1.9282204783560932,
                0.30047366859443797,
                0.6795561253381839,
                -0.5895837406887322,
                -0.4560774698252946,
                -1.9870500746055633,
                2.111965138792542
            ],
            "best_pos": [
                1.822750731921074,
                0.3898617391921359,
                0.574818373120543,
                -0.7818556710909288,
                -0.39884864259801145,
                -2.071783125710592,
                2.5081755469869744
            ],
            "best_score": 751001729,
            "curr_score": 165000430
        },
        {
            "dir_v": [
                -0.058589117210822717,
                -0.7101263738679805,
                0.2107413867153783,
                -0.37519861781351904,
                0.18974828543273606,
                0.05949727165271667,
                -0.5172596798890223
            ],
            "pos_v": [
                1.8521278439486362,
                -0.05264068907168727,
                1.099330259071996,
                -0.8722630616110708,
                -0.33660758354935544,
                -2.118770448255779,
                2.1801298217276956
            ],
            "best_pos": [
                1.8558740540844836,
                -0.0072349422816768705,
                1.0858553757323242,
                -0.8482727212112983,
                -0.34874016011449505,
                -2.1225747261222985,
                2.2132035997369535
            ],
            "best_score": 894002001,
            "curr_score": 548001304
        },
        {
            "dir_v": [
                -0.06092969284280875,
                -0.544307828974418,
                0.46337081869763985,
                0.21260505978820265,
                -0.2909416917592575,
                -0.2672401080396725,
                -0.5329528960709153
            ],
            "pos_v": [
                1.864756213489542,
                0.19240901285554102,
                0.9769972598460055,
                -0.3904453719808041,
                -0.3712208341160155,
                -2.329912030638895,
                2.373313529132121
            ],
            "best_pos": [
                1.452474346571972,
                0.38421918934947874,
                0.9054761165917101,
                -0.5875928348697229,
                -0.9135769894901263,
                -1.8996286467671764,
                2.475053248260192
            ],
            "best_score": 825001855,
            "curr_score": 141000339
        },
        {
            "dir_v": [
                -0.25784692150938915,
                0.2246088280218687,
                -0.3027892543917944,
                0.4117975427289997,
                0.5624041155885593,
                0.5480016882158112,
                0.07213217833715971
            ],
            "pos_v": [
                1.811716618362353,
                0.4341594569086014,
                1.0764504163949138,
                -0.4735166517117969,
                -0.5087987364000371,
                -2.081661503517061,
                2.444322079954305
            ],
            "best_pos": [
                1.97644385742387,
                0.3861970135611011,
                0.9409585823052985,
                -0.7643092058325681,
                -0.5308734916326594,
                -2.288799593042833,
                2.563552964576956
            ],
            "best_score": 704001565,
            "curr_score": 589001298
        },
        {
            "dir_v": [
                -0.37631606961658204,
                -0.11655163108657489,
                -0.49007434011303225,
                0.22405281390492846,
                -0.047700505381644095,
                0.3484109732330547,
                -0.6563260365859165
            ],
            "pos_v": [
                1.9423896556236104,
                0.5916715357705193,
                0.9766553483529604,
                -0.6914770324989838,
                -0.5084389128411212,
                -2.3459919881787257,
                2.8678299648875525
            ],