{
    "date_time": "29-8-2021_19744",
    "iteration": 7,
    "c1": 1.0,
    "c2": 1.5,
    "w": 0.7,
    "current_index": 1,
    "best_particle_pos": [
        1.6861852762651641,
        0.6012944524165467,
        1.1932319990760683,
        -0.9043968150946309,
        -0.5549625663304992,
        -2.465709941018307,
        2.373693160527489
    ],
    "best_score": 890002001,
    "particles_number": 20,
    "number_of_tetrominos_per_game": 2000,
    "particles": [
        {
            "dir_v": [
                -0.5527544749768142,
                -0.08610236877951234,
                -0.16200866319213525,
                0.07463157235004596,
                0.12627333212778846,
                -0.7814856612524208,
                0.16901893619690164
            ],
            "pos_v": [
                1.799428432098109,
                0.48188308113721023,
                1.3714789079746779,
                -0.8916864997486527,
                -0.49994595643939166,
                -2.7153470767109633,
                2.5227744700862105
            ],
            "best_pos": [
                2.2260199488412615,
                0.5483330906000393,
                1.4965100465458536,
                -0.9492838546087248,
                -0.5973981431066541,
                -2.1122309218201694,
                2.3923331120970692
            ],
            "best_score": 356000820,
            "curr_score": 356000820
        },
        {
            "dir_v": [
                0.25519818693591517,
                -0.4180469031479203,
                0.008122932101021888,
                -0.5049330413471839,
                -0.07552436405329246,
                -0.604490141793835,
                0.3660260274781497
            ],
            "pos_v": [
                1.9396019361518522,
                0.4043986665694546,
                1.0408202388735175,
                -1.1535770394478022,
                -0.8381899952025483,
                -2.1365816707067244,
                2.346164416590629
            ],
            "best_pos": [
                1.743582621014188,
                0.7255030938162464,
                1.0345809641887334,
                -0.7657348288755633,
                -0.7801792612875319,
                -1.6722690318726074,
                2.0650175476011405
            ],
            "best_score": 242000585,
            "curr_score": 242000585
        },
        {
            "dir_v": [
                0.27657385484879776,
                -0.4779067549551373,
                -0.17045566401422121,
                -0.39387751528121007,
                0.2424506872379069,
                -0.6318742836432654,
                0.22993468609993267
            ],
            "pos_v": [
                2.1532430007228625,
                0.42379461678406505,
                1.1701884670846223,
                -1.131858000924307,
                -0.47205431461373615,
                -2.1488203829507366,
                2.396850869117195
            ],
            "best_pos": [
                2.013197671366362,
                0.6657864309993972,
                1.256500022530104,
                -0.932415047851851,
                -0.5948211118061357,
                -1.8288659092601498,
                2.280421646756488
            ],
            "best_score": 145000377,
            "curr_score": 145000377
        },
        {
            "dir_v": [
                0.14488767256694376,
                -0.3296580797809001,
                -0.20868121109484877,
                -0.1643889073955629,
                -0.44233199296480935,
                -0.6299725188385502,
                0.4552346488818444
            ],
            "pos_v": [
                1.994414837276403,
                0.4509879080975895,
                1.0414140601925816,
                -1.0314576717777055,
                -1.039263768113181,
                -2.224752916543455,
                2.4931283314035855
            ],
            "best_pos": [
                1.8819877459353003,
                0.7067895121280184,
                1.2033424089973594,
                -0.9038983951340303,
                -0.6960316732421051,
                -1.7359192106591816,
                2.1398842869330217
            ],
            "best_score": 167000412,
            "curr_score": 167000412
        },
        {
            "dir_v": [
                -0.016428137615491775,
                -0.24744327068911995,
                0.01170462838382505,
                -0.07801518261640149,
                -0.7691233550855866,
                -0.43195886321254123,
                0.39260588660245926
            ],
            "pos_v": [
                1.897286849591401,
                0.27487299434092377,
                0.9778751163165635,
                -1.065122616920986,
                -0.7346968065741435,
                -2.182913906004882,
                2.2758206407730057
            ],
            "best_pos": [
                1.9121269433199335,
                0.49839689068681264,
                0.967301928634607,
                -0.9946488572426999,
                -0.039921601653155,
                -1.7927108186567744,
                1.9211664315180332
            ],
            "best_score": 231000559,
            "curr_score": 231000559
        },
        {
            "dir_v": [
                0.6028365753619244,
                0.12457390747535635,
                0.12087152195814942,
                -0.07214210512043065,
                0.13402765531930821,
                -0.5444993554161052,
                0.5355483511239637
            ],
            "pos_v": [
                2.0782447969825952,
                0.4342452683306188,
                1.0960746199326132,
                -0.9698657901257477,
                -0.921830541496918,
                -2.1966723061726556,
                2.39631606136677
            ],
            "best_pos": [
                1.4784985132765798,
                0.31030995798514616,
                0.9758227157465276,
                -0.8980935035508483,
                -1.0551711374010844,
                -1.654964191174702,
                1.8635130655653833
            ],
            "best_score": 245000630,
            "curr_score": 245000630
        },
        {
            "dir_v": [
                -0.34602016851575934,
                -0.1404575658635189,
                -0.13116396812962594,
                -0.14656478273610168,
                -0.8852350205898303,
                -0.18766632880439763,
                0.05474304021912722
            ],
            "pos_v": [
                1.4830235640320621,
                0.4396320246067281,
                0.8164023097174187,
                -0.6760943731781572,
                -0.6293078994842922,
                -1.4205191814674059,
                1.6760648843051116
            ],
            "best_pos": [
                1.3108634916509903,
                0.6877326265371008,
                0.7322359064329906,
                -0.7755451966870403,
                -0.6347765235886322,
                -1.2297521710065453,
                1.4209004241430219
            ],
            "best_score": 126000322,
            "curr_score": 53000151
        },
        {
            "dir_v": [
                0.27123429309019853,
                -0.1536892898884263,
                0.018056121597311414,
                -0.11776431847947971,
                -0.808802930090641,
                0.2234367760692056,
                -0.4295706339683519
            ],
            "pos_v": [
                1.8824819379587057,
                0.4018868926921341,
                0.9314976646981077,
                -0.9392151098628535,
                -1.2620018389306888,
                -2.044804219409377,
                2.1718109003389077
            ],