{
    "date_time": "28-8-2021_211229",
    "iteration": 20,
    "c1": 0.5,
    "c2": 0.5,
    "w": 0.4,
    "current_index": 1,
    "best_particle_pos": [
        0.5899304481390358,
        -0.383031857347257,
        0.9007162887092344,
        -0.3598654952930305,
        -0.7165797001803502,
        -1.1686407827746552,
        1.630167247077908
    ],
    "best_score": 828002001,
    "particles_number": 10,
    "number_of_tetrominos_per_game": 2000,
    "particles": [
        {
            "dir_v": [
                0.18450780606916511,
                -0.18614182377964927,
                0.13174752664498857,
                0.30788783222260685,
                -0.37380064073406016,
                0.42040407337738883,
                -0.7090058243810318
            ],
            "pos_v": [
                0.568506065378609,
                -0.4429110531669878,
                0.9433763337100388,
                -0.3492187526177526,
                -0.36877722815068803,
                -0.9995104470341993,
                1.4563614557539886
            ],
            "best_pos": [
                0.6754287003919632,
                -0.3363955509937251,
                1.0638971621063142,
                -0.40623761653956747,
                -0.5392332420188564,
                -1.2836097083416198,
                1.8399833010656628
            ],
            "best_score": 572001384,
            "curr_score": 154000412
        },
        {
            "dir_v": [
                0.11359349885028161,
                0.011359886944005075,
                -0.8979064208291436,
                -0.2636511957161173,
                -0.2998363024159137,
                -0.06639105159797971,
                -0.13003844216267849
            ],
            "pos_v": [
                0.6282883814226824,
                -0.39419691659277756,
                1.0700098241320528,
                -0.36677549403971726,
                -0.38078919796930966,
                -1.1266365220069905,
                1.6490825608654227
            ],
            "best_pos": [
                0.6330981918115132,
                -0.3937159128135804,
                1.031990398066184,
                -0.377939092951785,
                -0.393484957646625,
                -1.1294476720546023,
                1.6435764336980059
            ],
            "best_score": 811001960,
            "curr_score": 600001459
        },
        {
            "dir_v": [
                -0.08538796673835528,
                0.23673192660662518,
                -0.7648071280529446,
                -0.27482260745274906,
                -0.4707094163710179,
                0.19222616454340574,
                -0.13300837709810276
            ],
            "pos_v": [
                0.687446738362236,
                -0.45198351147754545,
                1.1978051396874003,
                -0.28084513390471205,
                -0.20579522224700458,
                -1.120770480058417,
                1.5738228761055297
            ],
            "best_pos": [
                0.7027145995000305,
                -0.4943125458880691,
                1.3345570670882263,
                -0.23170526597727514,
                -0.12162966262633315,
                -1.155141627415662,
                1.5976055413834118
            ],
            "best_score": 711001651,
            "curr_score": 711001651
        },
        {
            "dir_v": [
                -0.0650250116066515,
                -0.19540384014190884,
                0.34851519396478675,
                0.10800157245937092,
                -0.5629928350649117,
                -0.22283424993728335,
                0.6766430903850287
            ],
            "pos_v": [
                0.6715757800351018,
                -0.3115624682395288,
                0.8853070513395768,
                -0.4245767272866315,
                -0.24035362103474894,
                -1.0615159836402972,
                1.4241768000949317
            ],
            "best_pos": [
                0.6311152044953213,
                -0.3757820013898421,
                1.0001165062760697,
                -0.3869729349915195,
                -0.28216584059099115,
                -1.0906134004256631,
                1.5350218391382653
            ],
            "best_score": 547001332,
            "curr_score": 386000953
        },
        {
            "dir_v": [
                0.13561211288183606,
                0.6781661924909705,
                -0.5812998241014592,
                0.1789794345576133,
                -0.3292064900966159,
                0.13175204642439667,
                -0.16131128865744065
            ],
            "pos_v": [
                0.7182824079912068,
                -0.19188548934926003,
                0.9879858259773531,
                -0.2927691347183318,
                -0.26175538939073384,
                -1.1488862266862043,
                1.5703217840842536
            ],
            "best_pos": [
                0.6167975779197361,
                -0.5620038201977671,
                1.226176169744463,
                -0.4100031035454595,
                -0.2228719563216334,
                -1.1848456231205882,
                1.6738330435835482
            ],
            "best_score": 587001432,
            "curr_score": 323000794
        },
        {
            "dir_v": [
                0.6379654663395046,
                0.4993240403280183,
                0.23733040618678583,
                0.13870164836068405,
                0.15351373920468755,
                -0.16844353151297567,
                0.4649430138380388
            ],
            "pos_v": [
                0.758077456630263,
                -0.24674145871066094,
                1.009061431513229,
                -0.3422330805917429,
                -0.49171200176306995,
                -1.1007232440057846,
                1.650876727945978
            ],
            "best_pos": [
                0.8007083407087708,
                -0.2038878419418349,
                1.0115217551102518,
                -0.33131750649654923,
                -0.5062162903920391,
                -1.1000663948858953,
                1.6657751786999822
            ],
            "best_score": 800001891,
            "curr_score": 662001592
        },
        {
            "dir_v": [
                -1.5865253235115153,
                -0.7697780494495357,
                2.482710322959356,
                -4.629012928328295,
                -2.0328138777678753,
                -0.015472413154789422,
                -0.629635732399537
            ],
            "pos_v": [
                0.5899304481390358,
                -0.383031857347257,
                0.9007162887092344,
                -0.3598654952930305,
                -0.7165797001803502,
                -1.1686407827746552,
                1.630167247077908
            ],
            "best_pos": [
                0.5899304481390358,
                -0.383031857347257,
                0.9007162887092344,
                -0.3598654952930305,
                -0.7165797001803502,
                -1.1686407827746552,
                1.630167247077908
            ],
            "best_score": 828002001,
            "curr_score": 828002001
        },
        {
            "dir_v": [
                0.0338311706801515,
                0.1351991516791156,
                -0.5382586459693405,
                0.5019576134100937,
                -0.6508835683944539,
                0.057257481725210294,
                -0.10938458225519025
            ],
            "pos_v": [
                0.5979345731384369,
                -0.46325067435403117,
                0.8667683525104388,
                -0.29740445212725003,
                -0.3992322044861962,
                -0.9992951292775293,
                1.5561842232335477
            ],