{
    "PSO7_GEN0_T8000_PER2_c10.5_c20.5_w0.5": {
        "body": [
            1.1803527877583766,
            -1.0514200397536488,
            1.0051303679485155,
            -0.748336602819395,
            -0.4788607026855436,
            -1.9863786839084858,
            1.8239803938801775
        ],
        "heurystics": [
            7,
            8,
            15,
            10,
            5,
            13,
            4
        ],
        "score": {
            "combined": 3398008001,
            "generation": 0,
            "cleared_rows": 3398,
            "cleared_tetrimino": 8001
        }
    },
    "PSO7_GEN1_T8000_PER2_c10.5_c20.5_w0.5": {
        "body": [
            1.2457094532752466,
            0.43927771932864235,
            0.810229312050856,
            -0.7152777644296866,
            -0.8018621629050071,
            -1.5514413013345165,
            1.749495201179467
        ],
        "heurystics": [
            7,
            8,
            15,
            10,
            5,
            13,
            4
        ],
        "score": {
            "combined": 3468008001,
            "generation": 0,
            "cleared_rows": 3468,
            "cleared_tetrimino": 8001
        }
    },
    "PSO7_GEN3_T8000_PER2_c10.5_c20.5_w0.5": {
        "body": [
            0.48009228096608875,
            -0.9357792236243548,
            2.3244053851781796,
            -0.3818507978985212,
            -0.7068220946013691,
            -1.8882421171841484,
            1.4344570841454072
        ],
        "heurystics": [
            7,
            8,
            15,
            10,
            5,
            13,
            4
        ],
        "score": {
            "combined": 3496008001,
            "generation": 0,
            "cleared_rows": 3496,
            "cleared_tetrimino": 8001
        }
    },
    "PSO7_GEN2_T8000_PER2_c10.5_c20.5_w0.5": {
        "body": [
            1.0188833609207342,
            -0.27719104206271333,
            -0.027639817675312178,
            -0.5480311215195749,
            -0.5099661084031595,
            -2.323548342691577,
            2.063009088764565
        ],
        "heurystics": [
            7,
            8,
            15,
            10,
            5,
            13,
            4
        ],
        "score": {
            "combined": 3549008001,
            "generation": 0,
            "cleared_rows": 3549,
            "cleared_tetrimino": 8001
        }
    }
}