{
    "Evolution4": {
        "body": [
            -0.17182480257258276,
            -0.46981397801390923,
            -0.7791914557794037,
            -0.11709954420115737
        ],
        "score": {
            "combined": 2765800000066986,
            "cleared_rows": 27658,
            "cleared_tetrimino": 66986
        }
    }
}