{
    "Evolution4": {
        "body": [
            -0.0,
            -0.0,
            -0.0,
            -0.0
        ],
        "score": {
            "combined": 0,
            "cleared_rows": 0,
            "cleared_tetrimino": 0
        }
    },
    "Evolution5": {
        "body": [
            -0.1379510380150771,
            -0.6971307518920813,
            -0.5643241459798448,
            -0.17906897530986035,
            -0.3206671633317316
        ],
        "score": {
            "combined": 2632500000065466,
            "cleared_rows": 26325,
            "cleared_tetrimino": 65466
        }
    },
    "Evolution6": {
        "body": [
            -0.2238462241642075,
            -0.23186405066331664,
            -0.40702364070752073,
            -0.06900983538781308,
            0.8275932904369424,
            0.20196701237113662
        ],
        "score": {
            "combined": 89600000002194,
            "cleared_rows": 896,
            "cleared_tetrimino": 2194
        }
    }
}