{
    "PSO4": {
        "body": [
            -0.32288787912548395,
            -0.14222216318581243,
            -1.8424280589532966,
            -0.13141965350932058
        ],
        "score": {
            "combined": 2048500000050005,
            "cleared_rows": 20485,
            "cleared_tetrimino": 50005
        }
    },
    "PSO5": {
        "body": [
            0.006111787920676924,
            -1.1215990270480616,
            -0.1653717129369241,
            -0.20540133276261663,
            -0.14443580762661784
        ],
        "score": {
            "combined": 0,
            "cleared_rows": 14169,
            "cleared_tetrimino": 35130
        }
    },
    "PSO6": {
        "body": [
            -0.18081323380715691,
            -0.7023023674158162,
            -0.9200181418367958,
            -0.22454734417376232,
            0.0024884336944236696,
            -0.06192638317633478
        ],
        "score": {
            "combined": 0,
            "cleared_rows": 16306,
            "cleared_tetrimino": 40004
        }
    },
    "Evolution4": {
        "body": [
            0.07426284312087036,
            -0.3567307989211882,
            -0.3796770720591299,
            -0.08526470993804414
        ],
        "score": {
            "combined": 1951200000046691,
            "cleared_rows": 19512,
            "cleared_tetrimino": 46691
        }
    },
    "Evolution5": {
        "body": [
            -0.14613583526353427,
            -1.1545420389661685,
            -0.7098316353218053,
            -0.17684024389328457,
            -0.32597586377155385
        ],
        "score": {
            "combined": 0,
            "cleared_rows": 20269,
            "cleared_tetrimino": 50005
        }
    },
    "NeuralNetwork": {
        "body": "BestNeuralNetwork",
        "score": {
            "combined": 272500000006298,
            "cleared_rows": 2725,
            "cleared_tetrimino": 6298
        }
    },
    "Evolution6": {
        "body": [
            -0.019420681460629436,
            -0.20595706787816487,
            -0.4092933023645833,
            -0.11281025771964882,
            0.6639921983613181,
            0.08227165114945016
        ],
        "score": {
            "combined": 0,
            "cleared_rows": 20256,
            "cleared_tetrimino": 49148
        }
    }
}