{
    "Evolution4": {
        "body": [
            -0.18852549308914116,
            -0.5442019610993399,
            -0.798448212902579,
            -0.17545032146965878
        ],
        "score": {
            "combined": 1617800000039500,
            "cleared_rows": 16178,
            "cleared_tetrimino": 39500
        }
    },
    "Evolution5": {
        "body": [
            -0.18852549308914116,
            -0.5442019610993399,
            -0.798448212902579,
            -0.798448212902579,
            -0.17545032146965878
        ],
        "score": {
            "combined": 0,
            "cleared_rows": 0,
            "cleared_tetrimino": 0
        }
    },
    "Evolution6": {
        "body": [
            0.11665526228727376,
            -0.41901305170615394,
            -0.6279427950718963,
            -0.22909524473534518,
            -0.383083750786336,
            -0.11738841151950986
        ],
        "score": {
            "combined": 667700000016653,
            "cleared_rows": 6677,
            "cleared_tetrimino": 16653
        }
    }
}