{
    "PSO4": {
        "body": [
            -0.05651672415618186,
            -0.7348980967682395,
            -1.4778278179827353,
            -0.1691439544814975
        ],
        "score": {
            "combined": 0,
            "cleared_rows": 0,
            "cleared_tetrimino": 0
        }
    },
    "PSO10": {
        "body": [
            -0.4766842645835172,
            0.03725858041912132,
            -0.20211664743425717,
            -0.20506470276963962,
            0.1527597531882595,
            0.47257791668597277,
            -0.20697638544508862,
            -0.09617821892951642,
            0.3065278996956031,
            -0.5438446302373511
        ],
        "score": {
            "combined": 0,
            "cleared_rows": 0,
            "cleared_tetrimino": 0
        }
    },
    "PSO5": {
        "body": [
            -0.11328161472995249,
            -0.32310602093145385,
            -1.415728114196779,
            -0.162275074312704,
            -0.07354690575900034
        ],
        "score": {
            "combined": 0,
            "cleared_rows": 0,
            "cleared_tetrimino": 0
        }
    },
    "PSO6": {
        "body": [
            -0.02762337776730809,
            -0.5928512496020435,
            -0.805013207642322,
            -0.08530459557188662,
            -0.15800186262022847,
            -0.009102988576291757
        ],
        "score": {
            "combined": 0,
            "cleared_rows": 0,
            "cleared_tetrimino": 0
        }
    },
    "PSO7": {
        "body": [
            -0.02762337776730809,
            -0.5928512496020435,
            -0.805013207642322,
            -0.08530459557188662,
            -0.15800186262022847,
            -0.009102988576291757
        ],
        "score": {
            "combined": 0,
            "cleared_rows": 0,
            "cleared_tetrimino": 0
        }
    },
    "Evolution4": {
        "body": [
            0.3768821774172079,
            -0.3788226321266041,
            -0.9778398459172534,
            -0.02501631157847561
        ],
        "score": {
            "combined": 0,
            "cleared_rows": 0,
            "cleared_tetrimino": 0
        }
    },
    "Evolution10": {
        "body": [
            -0.019873293604094715,
            -0.30701522611588367,
            0.47054691010114713,
            -0.18256306529753924,
            0.020947353825387205,
            0.007940049869837028,
            -0.5625992647128594,
            0.5443274298849807,
            -0.19025086013083817,
            -0.03309873611460341
        ],
        "score": {
            "combined": 0,
            "cleared_rows": 0,
            "cleared_tetrimino": 0
        }
    },
    "Evolution5": {
        "body": [
            -0.03895572629459585,
            -0.18951336520516077,
            -0.6196240303538816,
            -0.08517957766548939,
            0.01254270072293437
        ],
        "score": {
            "combined": 0,
            "cleared_rows": 0,
            "cleared_tetrimino": 0
        }
    },
    "Evolution6": {
        "body": [
            -0.024129460096923544,
            -0.4651803135968282,
            -0.3785134828478403,
            -0.06951674622543946,
            0.6296521343908024,
            0.04703228937635784
        ],
        "score": {
            "combined": 0,
            "cleared_rows": 0,
            "cleared_tetrimino": 0
        }
    },
    "Evolution10_1": {
        "body": [
            0.015876811022058658,
            -0.42626524310574143,
            -0.4632645556639626,
            -0.22261759871977604,
            -0.35785416250087965,
            -0.28042744718845525,
            -0.46179287704859273,
            0.150375040015939,
            -0.25453706108376595,
            -0.24818424204922435
        ],
        "score": {
            "combined": 7756019133,
            "cleared_rows": 7756,
            "cleared_tetrimino": 19133
        }
    },
    "Evolution7_1": {
        "body": [
            -3.7309828903463624,
            -2.8641589909584217,
            -0.22573559906667462,
            -0.596572621981314,
            1.1454508205876262,
            3.5663289904470408,
            -1.3979296683084241
        ],
        "score": {
            "combined": 1535003575,
            "cleared_rows": 1535,
            "cleared_tetrimino": 3575
        }
    },

    "PSO10_1": {
        "body": [
            3.45564527100246,
            4.994082424219773,
            1.1363651306404732,
            -1.8292775091292834,
            -3.0717761400196784,
            0.546709812452514,
            4.802109843426415,
            -4.270793309351512,
            2.557717206840441,
            4.967488854134693
        ],
        "score": {
            "combined": 0,
            "cleared_rows": 0,
            "cleared_tetrimino": 0
        }
    },
    "Evolution7_2": {
        "body": [
            -0.2769432069923139,
            -2.6046658003878482,
            -1.9984943285212264,
            -0.6125884230379584,
            0.037665951259032646,
            3.3930711803868605,
            -0.32656351564445013
        ],
        "score": {
            "combined": 122413285916,
            "cleared_rows": 122413,
            "cleared_tetrimino": 285916
        }
    },
    "Evolution8_1": {
        "body": [
            -0.7097708679916568,
            0.028309314674651313,
            -0.8875670578059071,
            -0.3088012808652787,
            -0.19561104004204982,
            0.366294607033783,
            -0.040923598616580736,
            0.3240068464326607
        ],
        "score": {
            "combined": 8755020634,
            "cleared_rows": 8755,
            "cleared_tetrimino": 20634
        }
    },
    "Evolution6_1": {
        "body": [
            -3.5258973632459014,
            -2.4260928915175546,
            -3.0480767121001504,
            -1.382273088867081,
            -0.6229664699442201,
            -3.5996782470632644
        ],
        "score": {
            "combined": 820002001,
            "cleared_rows": 820,
            "cleared_tetrimino": 2001
        }
    },
    "Evolution5_1": {
        "body": [
            -0.6678248307836194,
            -0.4318325850129543,
            -0.7441786833599286,
            -0.2233876602085588,
            -0.3413225610165386
        ],
        "score": {
            "combined": 443001001,
            "cleared_rows": 443,
            "cleared_tetrimino": 1001
        }
    },
    "Evolution6_2": {
        "body": [
            -4.2531315052835685,
            -0.14584870731604216,
            -3.8602210936798507,
            -1.8634136854815555,
            -0.5460852325754626,
            -2.4243526391877857
        ],
        "score": {
            "combined": 835002001,
            "cleared_rows": 835,
            "cleared_tetrimino": 2001
        }
    },
    "Evolution6_3": {
        "body": [
            -4.054389315600223,
            -1.359184542080759,
            -4.168029232523822,
            -2.111320590495654,
            -0.08135475629692351,
            -1.8319122987764587
        ],
        "score": {
            "combined": 849002001,
            "cleared_rows": 849,
            "cleared_tetrimino": 2001
        }
    },
    "PSO7_1": {
        "body": [
            -0.4718148207900254,
            -0.0833737759006955,
            0.02283951800264694,
            -0.0753605484384941,
            0.043235222639356974,
            0.4431848194401073,
            -0.10686087727905536
        ],
        "score": {
            "combined": 4670503271,
            "cleared_rows": 4670,
            "cleared_tetrimino": 503271
        }
    },
    "PSO6_1": {
        "body": [
            -1.026417863133568,
            -0.30948520498217413,
            -0.3967491265884927,
            -0.4915599259740862,
            0.05390686108458159,
            -0.5202752545374257
        ],