{
    "PSO4": {
        "body": [
            -0.022505164948472323,
            -0.439913364264234,
            -0.8436467030843342,
            -0.09184985864511447
        ],
        "score": {
            "combined": 6465900000154141,
            "cleared_rows": 64659,
            "cleared_tetrimino": 154141
        }
    },
    "PSO5": {
        "body": [
            -0.11328161472995249,
            -0.32310602093145385,
            -1.415728114196779,
            -0.162275074312704,
            -0.07354690575900034
        ],
        "score": {
            "combined": 2994200000070333,
            "cleared_rows": 29942,
            "cleared_tetrimino": 70333
        }
    },
    "PSO6": {
        "body": [
            -0.18081323380715691,
            -0.7023023674158162,
            -0.9200181418367958,
            -0.22454734417376232,
            0.0024884336944236696,
            -0.06192638317633478
        ],
        "score": {
            "combined": 0,
            "cleared_rows": 16306,
            "cleared_tetrimino": 40004
        }
    },
    "Evolution4": {
        "body": [
            0.07426284312087036,
            -0.3567307989211882,
            -0.3796770720591299,
            -0.08526470993804414
        ],
        "score": {
            "combined": 1951200000046691,
            "cleared_rows": 19512,
            "cleared_tetrimino": 46691
        }
    },
    "Evolution5": {
        "body": [
            -0.03895572629459585,
            -0.18951336520516077,
            -0.6196240303538816,
            -0.08517957766548939,
            0.01254270072293437
        ],
        "score": {
            "combined": 2149500000050005,
            "cleared_rows": 21495,
            "cleared_tetrimino": 50005
        }
    },
    "NeuralNetwork": {
        "body": "BestNeuralNetwork",
        "score": {
            "combined": 447900000010001,
            "cleared_rows": 4479,
            "cleared_tetrimino": 10001
        }
    },
    "Evolution6": {
        "body": [
            -0.024129460096923544,
            -0.4651803135968282,
            -0.3785134828478403,
            -0.06951674622543946,
            0.6296521343908024,
            0.04703228937635784
        ],
        "score": {
            "combined": 2066300000050005,
            "cleared_rows": 20663,
            "cleared_tetrimino": 50005
        }
    }
}